NAME,TEAM
A Little Tipsy,Team Alpha
ASAP TB,Team Bravo
Artie,Team Charlie
Birko,Team Delta
Bradders91,Team Alpha
Brendon,Team Bravo
Broncos Pride,Team Charlie
Corey Mcspadden,Team Delta
Corey Rush,Team Alpha
Cowen Luxford,Team Bravo
Da DYLSTER,Team Charlie
Dan Davis,Team Delta
DanTau,Team Alpha
Danny,Team Bravo
David,Team Charlie
Eazyyyy,Team Delta
Emzie June,Team Alpha
Erika,Team Bravo
Estephanie R ,Team Charlie
Feldt like Drinkwater,Team Delta
Haydo,Team Alpha
Jason Kruys,Team Bravo
Jaylan Rowe,Team Charlie
Jess J ,Team Delta
Joeydav81,Team Alpha
Josh,Team Bravo
LMHarris,Team Charlie
Lady Leroy,Team Delta
Larco,Team Alpha
Lee Ding,Team Bravo
Liams tipping,Team Charlie
Line Breaker,Team Delta
Martin-O-Martin,Team Alpha
Marty Holliss,Team Bravo
NRussell26,Team Charlie
Nardu21,Team Delta
OhNoBroncos,Team Alpha
PayneLast,Team Bravo
Polly,Team Charlie
ROB BARTUS,Team Delta
Reeeeeety!,Team Alpha
Ricky,Team Bravo
Robyn,Team Charlie
Ryan Koning,Team Delta
Superior Fursdon,Team Alpha
TH,Team Bravo
Tegan,Team Charlie
TimmySoup,Team Delta
Tip-sy Nor,Team Alpha
Willsy.,Team Bravo
josh284,Team Charlie
shaun mclean,Team Delta
tom reed,Team Alpha
