NAME,Team
A Little Tipsy,Santos 1
Artie,Elevate
ASAP TB,Q3
Birko,Santos 1
Bradders91,Coho Miles
Brendon,Others
Broncos Pride,Santos - OCR
Corey Mcspadden,Elevate
Corey Rush,Coho Miles
Cowen Luxford,Coho Miles
Da DYLSTER,Coho Bris
Dan Davis,Origin
Danny,Others
DanTau,Q3
David,Santos 1
Eazyyyy,Elevate
Emzie June,Santos 1
Erika,Coho Bris
Estephanie R ,Q3
Feldt like Drinkwater,Santos - OCR
Haydo,Coho Miles
Jason Kruys,Elevate
Jaylan Rowe,Elevate
Jess J ,Coho Bris
Joeydav81,Coho Roma
Josh,Santos - OCR
josh284,Coho Bris
Lady Leroy,Others
Larco,Q3
Lee Ding,Coho Bris
Liams tipping,Elevate
Line Breaker,Santos - OCR
LMHarris,Coho Roma
Martin-O-Martin,Coho Bris
Marty Holliss,Elevate
Nardu21,Coho Roma
NRussell26,Origin
OhNoBroncos,Coho Roma
PayneLast,Santos 1
Polly,Coho Miles
Reeeeeety!,Coho Roma
Ricky,Q3
ROB BARTUS,Origin
Robyn,Coho Bris
Ryan Koning,Others
shaun mclean,Coho Miles
Superior Fursdon,Santos - OCR
Tegan,Origin
TH,Others
TimmySoup,Santos 1
Tip-sy Nor,Coho Bris
tom reed,Coho Roma
Willsy.,Origin